adigas = Srikanth Adiga <srikanth.adiga@gmail.com>
akaushal = Atul Kaushal <akaushal>
asrinivasa = asrinivasa <asrinivasa>
borawakn = borawakn <borawakn>
gargc = Chitra Garg <gargc>
khots = Suhas Khot <skhot@path.wustl.edu>
marwahan = Nitesh Marwah <marwaha.nitesh@gmail.com>
niharika_sharma = Niharika Sharma <niharika_sharma>
olarui = Ion Olaru <olarui@mail.nih.gov>
pujarik = Ketaki Pujari <pujarik>
sharman = Niharika Sharma <sharman>
sharmapr = sharmapr <sharmapr>
supriya_dankh = Supriya Dankh <supriya_dankh>
